id;organization_name;contact_person;country;contact_phone;email
1;organization1;person1;country1;phone1;mail1@gmail.com
2;organization2;person2;country2;phone2;mail2@gmail.com
3;organization3;person3;country3;phone3;mail3@gmail.com
4;organization4;person4;country4;phone4;mail4@gmail.com
5;organization5;person5;country5;phone5;mail5@gmail.com
6;organization6;person6;country6;phone6;mail6@gmail.com
7;organization7;person7;country7;phone7;mail7@gmail.com
8;organization8;person8;country8;phone8;mail8@gmail.com
9;organization9;person9;country9;phone9;mail9@gmail.com
10;organization10;person10;country10;phone10;mail10@gmail.com
11;organization11;person11;country11;phone11;mail11@gmail.com
12;organization12;person12;country12;phone12;mail12@gmail.com
13;organization13;person13;country13;phone13;mail13@gmail.com
14;organization14;person14;country14;phone14;mail14@gmail.com
15;organization15;person15;country15;phone15;mail15@gmail.com
16;organization16;person16;country16;phone16;mail16@gmail.com
17;organization17;person17;country17;phone17;mail17@gmail.com
18;organization18;person18;country18;phone18;mail18@gmail.com
19;organization19;person19;country19;phone19;mail19@gmail.com
20;organization20;person20;country20;phone20;mail20@gmail.com
21;organization21;person21;country21;phone21;mail21@gmail.com
22;organization22;person22;country22;phone22;mail22@gmail.com
23;organization23;person23;country23;phone23;mail23@gmail.com
24;organization24;person24;country24;phone24;mail24@gmail.com
25;organization25;person25;country25;phone25;mail25@gmail.com
26;organization26;person26;country26;phone26;mail26@gmail.com
27;organization27;person27;country27;phone27;mail27@gmail.com
28;organization28;person28;country28;phone28;mail28@gmail.com
29;organization29;person29;country29;phone29;mail29@gmail.com
30;organization30;person30;country30;phone30;mail30@gmail.com
31;organization31;person31;country31;phone31;mail31@gmail.com
32;organization32;person32;country32;phone32;mail32@gmail.com
33;organization33;person33;country33;phone33;mail33@gmail.com
34;organization34;person34;country34;phone34;mail34@gmail.com
35;organization35;person35;country35;phone35;mail35@gmail.com
